{"cameraMode":{"drawMode":0,"name":"Shaded","section":"Shading Mode"},"sceneLighting":true,"audioPlay":false,"sceneViewState":{"showFog":true,"showMaterialUpdate":false,"showSkybox":true,"showFlares":true,"showImageEffects":true,"showParticleSystems":true},"in2DMode":false,"pivot":{"x":-0.3199999928474426,"y":0.030000001192092897,"z":0.0},"rotation":{"x":-0.6073288917541504,"y":-0.013823937624692917,"z":0.01057050097733736,"w":-0.7942599058151245},"size":1.1875214576721192,"orthographic":false}